{
    "EnvironmentName": "DT1",
    "ServiceAutoStart": "true",
    "ServiceAccount": {
        "ServiceUser": "CHDEV\\qa.spotdeploy",
        "ServiceUserPassword": "Caxfuf39"
    },
    "MPTargetPath": "E:\\services",
    "MPWSTargetPath": "D:\\services",
    "MPTraceLogPath": "E:\\services\\Logs\\MassPaymentsAppService",
    "MPWSTraceLogPath": "D:\\services\\Logs\\MassPaymentsWebService",
    "SubscriptionsTraceLogPath": "E:\\services\\Logs\\Subscriptions",
    "Databases": {
        "MassPayments": {
            "host": "DT1CCTDB",
            "database": "MassPaymentsTrunk",
            "prefixed": "false"
        },
        "Dispatcher": {
            "host": "DT1CCTDB",
            "database": "Dispatcher"
        },
        "BI": {
            "host": "DT1CCTDB",
            "database": "staging_qa2"
        },
        "ServiceControl": {
            "host": "DT1CCTDB",
            "database": "NSB_ServiceControl"
        },
        "FBS": {
            "host": "DT1CCTDB",
            "database": "ARInterface"
        }
    },

    "Servers": {
        "MassPayments": {
            "host": "dt1frontoff02",
            "port": "8943"
        },
        "MassPaymentsWebService": {
            "host": "DEVTEST1-WEB02",
            "port": "8944"
        },
        "CCTMassPayments": {
            "host": "dt1frontoff02",
            "port": "8836"
        },
        "CCTEntityManagement": {
            "host": "dt1backofccl.cctdev.com",
            "port": "8936"
        },
        "SpotWS": {
            "host": "navm-dt2app2.chdev.local",
            "port": "13013"
        }
    },

    "AppSettings": {
        "MassPaymentsWebService": {
            "WebApiUri": "http://+:8945/MassPayments",
            "Logger.BaseDirectory": "D:\\services\\Logs\\MassPaymentsWebService",
            "EnableAPIDeveloperMessage": false,
            "EnableTestUI": true,
            "Authorization.AuthorizedGroups": "Everyone"
        },
        "MassPayments": {
            "NServiceBus.EndpointName": "DT1_MassPayments",
            "NServiceBus.LoggingRoot": "E:\\services\\Logs\\MassPaymentsAppService",
            "UploadPath": "E:\\MassPaymentsUploads",
            "ArchivePath": "E:\\MassPaymentsUploads\\Archive",
            "FailedToLoadPath": "E:\\MassPaymentsUploads\\FailedToLoad",
            "BankBatchPath": "E:\\MassPaymentsUploads\\BankBatch",
            "IRIS.StatusPath": "http://10.25.20.35:8090/HardStopService/GetPaymentStatus?dataSourceId=13&paymentIds={0}",
            "Email.SupportRecipients": "Oleg.Kouznetsov@Westernunion.com;Fariadul.Islam@Westernunion.com;Martin.Chow@Westernunion.com",
            "Email.BookingSupportRecipients": "Oleg.Kouznetsov@Westernunion.com;Fariadul.Islam@Westernunion.com;Martin.Chow@Westernunion.com",
            "Encryption.PgpKeyRootPath": "E:\\MassPaymentsKey",
            "Invoice.MP2EskerXmlDropOut": "E:\\MassPaymentsInvoice\\Xml",
            "Invoice.MP2EskerPdfDropIn": "E:\\MassPaymentsInvoice\\Pdf",
            "Invoice.MP2PartnersRootDropPath": "E:\\MassPaymentsInvoice\\Output",
            "Invoice.MP2PartnersFailurePath": "E:\\MassPaymentsInvoice\\Failure",
            "Invoice.EskerFileCopyConnector": "MPPDFFileDrop-dev",
            "Encryption.EncryptInvoicePdfFile": true,
            "PAIN.MP2GpgXmlDropOut": "E:\\MassPaymentsISO\\Output",
            "PAIN.MP2GpgXmlDropIn": "E:\\MassPaymentsISO\\GPGIN",
            "PAIN.MP2GpgXmlFailedFiles": "E:\\MassPaymentsISO\\GPGINFailedFiles",
            "PAIN.MP2GpgXmlArchivedFiles": "E:\\MassPaymentsISO\\GPGINArchivedFiles",
            "Authorization.AuthorizedGroups": "Everyone",
	    "FBSPollingIntervalInSeconds": "1800",
	    "EnableCCTOrderValidationMessages": "false"			
        },
        "Subscriptions": {
            "NServiceBus.EndpointName": "DT1_SubscriptionsAndNotifications",
            "NServiceBus.LoggingRoot": "E:\\services\\Logs\\Subscriptions",
			"WebhookNotifications.ProxyAddressUri": ""
        },
        "MassPaymentsQuery": {
            "NServiceBus.EndpointName": "DT1_MassPaymentsQuery"
        }
    },

    "MessageEndpointMapping": {
        "Subscriptions": {
            "MassPayments.Messages": "DT1_MassPayments",
            "Subscriptions.Messages": "DT1_SubscriptionsAndNotifications"
        },
        "MassPayments": {
            "MassPayments.Messages": "DT1_SubscriptionsAndNotifications",
            "PAIN.Messages": "DT1_MassPayments"
        },
        "MassPaymentsQuery": {
            "MassPayments.Messages": "DT1_MassPayments"
        }
    }
}