{
    "EnvironmentName": "DT2",
    "ServiceAutoStart": "true",
    "ServiceAccount": {
        "ServiceUser": "CHDEV\\qa.spotdeploy",
        "ServiceUserPassword": "Caxfuf39"
    },
    "MPTargetPath": "D:\\services",
    "MPWSTargetPath": "D:\\services",
    "MPTraceLogPath": "D:\\services\\Logs\\MassPaymentsAppService",
    "MPWSTraceLogPath": "D:\\services\\Logs\\MassPaymentsWebService",
    "SubscriptionsTraceLogPath": "D:\\services\\Logs\\Subscriptions",
    "Databases": {
        "MassPayments": {
            "host": "navm-dt2cctdb2.chdev.local\\masspay",
            "database": "MassPaymentsTrunk",
            "prefixed": "false"
        },
        "Dispatcher": {
            "host": "navm-dbgpl2.chdev.local",
            "database": "Dispatcher"
        },
        "BI": {
            "host": "navm-dt2cctdb2.chdev.local",
            "database": "BI"
        },
        "FBS": {
            "host": "navm-dt2cctdb2.chdev.local",
            "database": "ARInterface"
        },
        "ServiceControl": {
            "host": "navm-dt2cctdb2.chdev.local\\masspay",
            "database": "NSB_ServiceControl"
        }
    },

    "Servers": {
        "MassPayments": {
            "host": "navm-dt2app2.chdev.local",
            "port": "8943"
        },
        "MassPaymentsWebService": {
            "host": "localhost",
            "port": "8944"
        },
        "CCTMassPayments": {
            "host": "navm-dt2app2.chdev.local",
            "port": "8836"
        },
        "CCTEntityManagement": {
            "host": "navm-dt2app2.chdev.local",
            "port": "8936"
        },
        "SpotWS": {
            "host": "navm-dt2app2.chdev.local",
            "port": "13013"
        },
        "SubscriptionsAndNotification": {
            "host": "navm-dt2app2.chdev.local",
            "port": "8955"
        },
        "MassPaymentsQuery": {
            "host": "navm-dt2app2.chdev.local",
            "port": "8965"
        }
    },

    "AppSettings": {
        "MassPaymentsWebService": {
            "WebApiUri": "http://+:8945/MassPayments",
            "Logger.BaseDirectory": "D:\\services\\Logs\\MassPaymentsWebService",
            "EnableAPIDeveloperMessage": false,
            "EnableTestUI": true,
            "Authorization.AuthorizedGroups": "Everyone"
        },
        "MassPayments": {
            "NServiceBus.EndpointName": "DT2_MassPayments",
            "NServiceBus.LoggingRoot": "D:\\services\\Logs\\MassPaymentsAppService",
            "UploadPath": "D:\\MassPaymentsUploads",
            "ArchivePath": "D:\\MassPaymentsUploads\\Archive",
            "FailedToLoadPath": "D:\\MassPaymentsUploads\\FailedToLoad",
            "BankBatchPath": "D:\\MassPaymentsUploads\\BankBatch",
            "IRIS.StatusPath": "http://10.25.20.35:8090/HardStopService/GetPaymentStatus?dataSourceId=13&paymentIds={0}",
            "Email.SupportRecipients": "Oleg.Kouznetsov@Westernunion.com;Fariadul.Islam@Westernunion.com;Martin.Chow@Westernunion.com",
            "Email.BookingSupportRecipients": "Oleg.Kouznetsov@Westernunion.com;Fariadul.Islam@Westernunion.com;Martin.Chow@Westernunion.com",
            "Encryption.PgpKeyRootPath": "D:\\MassPaymentsKey",
            "Invoice.MP2EskerXmlDropOut": "D:\\MassPaymentsInvoice\\Xml",
            "Invoice.MP2EskerPdfDropIn": "D:\\MassPaymentsInvoice\\Pdf",
            "Invoice.MP2PartnersRootDropPath": "D:\\MassPaymentsInvoice\\Output",
            "Invoice.MP2PartnersFailurePath": "D:\\MassPaymentsInvoice\\Failure",
            "Invoice.EskerFileCopyConnector": "MPPDFFileDrop-dev",
            "Encryption.EncryptInvoicePdfFile": true,
            "PAIN.MP2GpgXmlDropOut": "D:\\MassPaymentsISO\\Output",
            "PAIN.MP2GpgXmlDropIn": "D:\\MassPaymentsISO\\GPGIN",
            "PAIN.MP2GpgXmlFailedFiles": "D:\\MassPaymentsISO\\GPGINFailedFiles",
            "PAIN.MP2GpgXmlArchivedFiles": "D:\\MassPaymentsISO\\GPGINArchivedFiles",
            "Authorization.AuthorizedGroups": "Everyone",
	    "FBSPollingIntervalInSeconds": "1800",
   	    "EnableCCTOrderValidationMessages": "false"
        },
        "Subscriptions": {
            "NServiceBus.EndpointName": "DT2_SubscriptionsAndNotifications",
            "NServiceBus.LoggingRoot": "D:\\services\\Logs\\Subscriptions",
			"WebhookNotifications.ProxyAddressUri": ""
        },
        "MassPaymentsQuery": {
            "NServiceBus.EndpointName": "DT2_MassPaymentsQuery"
        }
    },

    "MessageEndpointMapping": {
        "Subscriptions": {
            "MassPayments.Messages": "DT2_MassPayments",
            "Subscriptions.Messages": "DT2_SubscriptionsAndNotifications"
        },
        "MassPayments": {
            "MassPayments.Messages": "DT2_SubscriptionsAndNotifications",
            "PAIN.Messages": "DT2_MassPayments"
        },
        "MassPaymentsQuery": {
            "MassPayments.Messages": "DT2_MassPayments"
        }
    }
}