{
	"EnvironmentName": "DT2",
    "ServiceAutoStart":"true",
    "ServiceAccount": {"ServiceUser":"CHDEV\\qa.spotdeploy", "ServiceUserPassword":"Caxfuf39"},
	
    "MassPaymentsWebService":{
        "TargetPath":"D:\\services\\MassPaymentsWebService",
        "WebApiUri": "http://+:8945/MassPayments",
        "WcfServiceUri":{"MassPaymentsService":"net.tcp://navm-dt2app2.chdev.local:8943/Design_Time_Addresses/MassPayments/MassPaymentsServiceFacade/"},
        "ServiceUri":{"MassPaymentsWeb.Services.MassPaymentsWebService.MassPaymentsWebService":"http://navm-dt2web01.chdev.local:8944/Design_Time_Addresses/MassPaymentsWeb/MassPaymentsServiceFacade/"},
        "UtilityUri":{
            "SpotWS.Common.FacadeInterface.ICertificateAuthenticationService, SpotWS.Common":"tcp://navm-dt2app2.chdev.local:13013/SpotWS.UtilityService/CertificateAuthenticationFacade",
            "SpotWS.Common.FacadeInterface.IErrorLoggingService, SpotWS.Common":"tcp://navm-dt2app2.chdev.local:13013/SpotWS.UtilityService/ErrorLoggingFacade"
        },
        "TraceLog":"D:\\services\\Logs\\MassPaymentsWebService\\MassPaymentsAppServiceLog.svclog"
    },
	
	"MassPayments":{
		"ConnectionStrings":{
			"NServiceBus/Transport": { "host": "navm-dt2cctdb2.chdev.local", "database": "MassPaymentsTrunk", "prefixed": "false" },
			"NServiceBus/Transport/error": { "host": "navm-dt2cctdb2.chdev.local", "database": "NSB_ServiceControl" },
			"NServiceBus/Transport/audit": { "host": "navm-dt2cctdb2.chdev.local", "database": "NSB_ServiceControl" },
			"NServiceBus/Transport/Particular.ServiceControl": { "host": "navm-dt2cctdb2.chdev.local", "database": "NSB_ServiceControl" },
			"NServiceBus/Persistence": { "host": "navm-dt2cctdb2.chdev.local", "database": "MassPaymentsTrunk", "prefixed": "false"  },
			"MassPayments.ConnectionString": { "host": "navm-dt2cctdb2.chdev.local", "database": "MassPaymentsTrunk", "prefixed": "false" },
			"PAIN.ConnectionString": { "host": "navm-dt2cctdb2.chdev.local", "database": "MassPaymentsTrunk", "prefixed": "false" },
			"MPIQ.ConnectionString": { "host": "navm-dt2cctdb2.chdev.local", "database": "MassPaymentsTrunk", "prefixed": "false" },
			"Dispatcher.ConnectionString": { "host": "navm-dbgpl2.chdev.local", "database": "Dispatcher" },
			"BI.ConnectionString": { "host": "us-oma-db-bs201.chdev.local\\qa2", "database": "staging_qa2"}	
		},
        "MessageEndpointMapping":{
            "MassPayments.Messages":"DT2_SubscriptionsAndNotifications"
        },
        "NServiceBus.EndpointName":"DT2_MassPayments",
		"TargetPath":"D:\\services\\MassPaymentsAppService",
		"UploadPath":"D:\\MassPaymentsUploads",
		"ArchivePath":"D:\\MassPaymentsUploads\\Archive",
		"FailedToLoadPath":"D:\\MassPaymentsUploads\\FailedToLoad",
		"BankBatchPath":"D:\\MassPaymentsUploads\\BankBatch",
		"IRIS.StatusPath":"http://10.66.34.145:8090/HardStopService/GetPaymentStatus?dataSourceId=13&paymentIds={0}",
		"Email.SupportRecipients":"Oleg.Kouznetsov@Westernunion.com;Fariadul.Islam@Westernunion.com;Martin.Chow@Westernunion.com",
		"Email.BookingSupportRecipients":"Oleg.Kouznetsov@Westernunion.com;Fariadul.Islam@Westernunion.com;Martin.Chow@Westernunion.com",
		"Encryption.PgpKeyRootPath":"D:\\MassPaymentsKey",
		"Invoice.MP2EskerXmlDropOut":"D:\\MassPaymentsInvoice\\Xml",
		"Invoice.MP2EskerPdfDropIn":"D:\\MassPaymentsInvoice\\Pdf",
		"Invoice.MP2PartnersRootDropPath":"D:\\MassPaymentsInvoice\\Output",
		"Invoice.MP2PartnersFailurePath":"D:\\MassPaymentsInvoice\\Failure",
		"Invoice.EskerFileCopyConnector":"MPPDFFileDrop-dev",
		
		"PAIN.MP2GpgXmlDropOut":"D:\\MassPaymentsISO\\Output",
		"PAIN.MP2GpgXmlDropIn":"D:\\MassPaymentsISO\\GPGIN",
		"PAIN.MP2GpgXmlFailedFiles":"D:\\MassPaymentsISO\\GPGINFailedFiles",
		"PAIN.MP2GpgXmlArchivedFiles":"D:\\MassPaymentsISO\\GPGINArchivedFiles",
		
        "WcfServiceUri":{
		    "CCTMassPayments":"net.tcp://navm-dt2app2.chdev.local:8836/Design_Time_Addresses/CCTTransaction/MassPaymentsServiceFacade/",
		    "CCTEntityManagement":"net.tcp://navm-dt2app2.chdev.local:8936/Design_Time_Addresses/CCTEntityManagement/MassPaymentsServiceFacade/",
            "CCTEntityManagementForPain":"net.tcp://navm-dt2app2.chdev.local:8936/Design_Time_Addresses/CCTEntityManagement/MassPaymentsServiceFacade/",
            "NetNamedPipeBinding_IPain2MassPaymentsService":"net.pipe://localhost/Design_Time_Addresses/MassPayments/Pain2MassPaymentsServiceFacadeDT2/"
		},

        "ServiceUri":{
            "MassPayments.Services.MassPaymentsService.MassPaymentsServiceFacade":"net.tcp://navm-dt2app2.chdev.local:8943/Design_Time_Addresses/MassPayments/MassPaymentsServiceFacade/",
            "MassPayments.Services.Pain2MassPaymentsService.Pain2MassPaymentsServiceFacade":"net.pipe://localhost/Design_Time_Addresses/MassPayments/Pain2MassPaymentsServiceFacadeDT2/"
        },
		"TraceLog":"D:\\services\\Logs\\MassPaymentsAppService\\MassPaymentsAppServiceLog.svclog"
	},
	
	"Subscriptions":{
		"ConnectionStrings":{
			"SubscriptionsAndNotifications": { "host": "navm-dt2cctdb2.chdev.local", "database": "MassPaymentsTrunk", "prefixed": "false" },
			"NServiceBus/Transport": { "host": "navm-dt2cctdb2.chdev.local", "database": "MassPaymentsTrunk", "prefixed": "false" },
			"NServiceBus/Transport/error": { "host": "navm-dt2cctdb2.chdev.local", "database": "NSB_ServiceControl" },
			"NServiceBus/Transport/audit": { "host": "navm-dt2cctdb2.chdev.local", "database": "NSB_ServiceControl" },
			"NServiceBus/Transport/Particular.ServiceControl": { "host": "navm-dt2cctdb2.chdev.local", "database": "NSB_ServiceControl" },
			"NServiceBus/Persistence": { "host": "navm-dt2cctdb2.chdev.local", "database": "MassPaymentsTrunk", "prefixed": "false"  }
		},
        "MessageEndpointMapping":{
            "MassPayments.Messages":"DT2_MassPayments"
        },
        "NServiceBus.EndpointName":"DT2_SubscriptionsAndNotifications",
        "TargetPath":"D:\\services\\SubscriptionsAndNotifications",
        "WcfServiceUri":{},
        "ServiceUri":{}
	}
}