{
    "EnvironmentName": "local",
    "ServiceAutoStart":"true",
    "ServiceAccount": {"ServiceUser":"", "ServiceUserPassword":""},

    "MassPaymentsWebService":{
        "TargetPath":"C:\\Temp\\services\\sns",
        "WebApiUri": "http://localhost:8946/Design_Time_Addresses/MassPaymentsWeb/MassPaymentsWebApi/",
        "WcfServiceUri":{"MassPaymentsService":"net.tcp://localhost:8943/Design_Time_Addresses/MassPayments/MassPaymentsServiceFacade/"},
        "ServiceUri":{"MassPaymentsWeb.Services.MassPaymentsRestfulService.MassPaymentsRestfulService":"http://localhost:8954/Design_Time_Addresses/MassPaymentsWeb/MassPaymentsRestfulService/"},
        "UtilityUri":{
            "SpotWS.Common.FacadeInterface.ICertificateAuthenticationService, SpotWS.Common":"tcp://navm-dt2app2.chdev.local:13013/SpotWS.UtilityService/CertificateAuthenticationFacade",
            "SpotWS.Common.FacadeInterface.IErrorLoggingService, SpotWS.Common":"tcp://navm-dt2app2.chdev.local:13013/SpotWS.UtilityService/ErrorLoggingFacade"
        },
        "TraceLog":"C:\\Temp\\services\\MassPaymentsAppServiceLog.svclog",
        "Authorization.AuthorizedGroups": "Everyone"
    },
    
    "MassPayments":{
        "ConnectionStrings":{
            "NServiceBus/Transport": { "host": "localhost", "database": "MassPayments", "prefixed": "true" },
            "NServiceBus/Transport/error": { "host": "localhost", "database": "MassPayments" },
            "NServiceBus/Transport/audit": { "host": "localhost", "database": "MassPayments" },
            "NServiceBus/Transport/Particular.ServiceControl": { "host": "localhost", "database": "MassPayments" },
            "NServiceBus/Persistence": { "host": "localhost", "database": "MassPayments", "prefixed": "true"  },
            "MassPayments.ConnectionString": { "host": "localhost", "database": "MassPayments", "prefixed": "true" },
            "PAIN.ConnectionString": { "host": "localhost", "database": "MassPayments", "prefixed": "true" },
            "MPIQ.ConnectionString": { "host": "localhost", "database": "MassPayments", "prefixed": "true" },
            "Dispatcher.ConnectionString": { "host": "localhost", "database": "Dispatcher" },
            "BI.ConnectionString": { "host": "localhost", "database": "staging_qa2" }
        },
        "MessageEndpointMapping":{
            "MassPayments.Messages":"local_SubscriptionsAndNotifications"
        },
        "NServiceBus.EndpointName":"local_MassPayments",
        "TargetPath":"C:\\temp\\services\\sns",
        "UploadPath":"D:\\MassPaymentsUploads",
        "ArchivePath":"D:\\MassPaymentsUploads\\Archive",
        "FailedToLoadPath":"D:\\MassPaymentsUploads\\FailedToLoad",
        "BankBatchPath":"D:\\MassPaymentsUploads\\BankBatch",
        "IRIS.StatusPath":"http://10.66.34.145:8090/HardStopService/GetPaymentStatus?dataSourceId=13&paymentIds={0}",
        "Email.SupportRecipients":"Oleg.Kouznetsov@Westernunion.com;Fariadul.Islam@Westernunion.com;Martin.Chow@Westernunion.com",
        "Email.BookingSupportRecipients":"Oleg.Kouznetsov@Westernunion.com;Fariadul.Islam@Westernunion.com;Martin.Chow@Westernunion.com",
        "Encryption.PgpKeyRootPath":"D:\\MassPaymentsKey",
        "Invoice.MP2EskerXmlDropOut":"D:\\MassPaymentsInvoice\\Xml",
        "Invoice.MP2EskerPdfDropIn":"D:\\MassPaymentsInvoice\\Pdf",
        "Invoice.MP2PartnersRootDropPath":"D:\\MassPaymentsInvoice\\Output",
        "Invoice.MP2PartnersFailurePath":"D:\\MassPaymentsInvoice\\Failure",
        "Invoice.EskerFileCopyConnector":"MPPDFFileDrop-dev",
        "EnableTestUI":true,		
        "Encryption.EncryptInvoicePdfFile":true,
        "PAIN.MP2GpgXmlDropOut":"D:\\MassPaymentsISO\\Output",
        "PAIN.MP2GpgXmlDropIn":"D:\\MassPaymentsISO\\GPGIN",
        "PAIN.MP2GpgXmlFailedFiles":"D:\\MassPaymentsISO\\GPGINFailedFiles",
        "PAIN.MP2GpgXmlArchivedFiles":"D:\\MassPaymentsISO\\GPGINArchivedFiles",
        "EnableCCTOrderValidationMessages": "false",
        
        "WcfServiceUri":{
            "CCTMassPayments":"net.tcp://navm-dt2app2.chdev.local:8836/Design_Time_Addresses/CCTTransaction/MassPaymentsServiceFacade/",
            "CCTEntityManagement":"net.tcp://navm-dt2app2.chdev.local:8936/Design_Time_Addresses/CCTEntityManagement/MassPaymentsServiceFacade/",
            "CCTEntityManagementForPain":"net.tcp://navm-dt2app2.chdev.local:8936/Design_Time_Addresses/CCTEntityManagement/MassPaymentsServiceFacade/",
            "NetNamedPipeBinding_IPain2MassPaymentsService":"net.pipe://localhost/Design_Time_Addresses/MassPayments/Pain2MassPaymentsServiceFacadelocal/"
        },

        "ServiceUri":{
            "MassPayments.Services.MassPaymentsService.MassPaymentsServiceFacade":"net.tcp://localhost:8943/Design_Time_Addresses/MassPayments/MassPaymentsServiceFacade/",
            "MassPayments.Services.Pain2MassPaymentsService.Pain2MassPaymentsServiceFacade":"net.pipe://localhost/Design_Time_Addresses/MassPayments/Pain2MassPaymentsServiceFacadelocal/"
        },
        "TraceLog":"C:\\Temp\\services\\MassPaymentsAppServiceLog.svclog"
    },

    "Subscriptions":{
        "ConnectionStrings":{
            "NServiceBus/Transport": { "host": "localhost", "database": "MassPayments", "prefixed": "true" },
            "NServiceBus/Transport/error": { "host": "localhost", "database": "MassPayments" },
            "NServiceBus/Transport/audit": { "host": "localhost", "database": "MassPayments" },
            "NServiceBus/Transport/Particular.ServiceControl": { "host": "localhost", "database": "MassPayments" },
            "NServiceBus/Persistence": { "host": "localhost", "database": "MassPayments", "prefixed": "true"  }
        },
        "MessageEndpointMapping":{
            "MassPayments.Messages":"local_MassPayments"
        },
        "NServiceBus.EndpointName":"local_SubscriptionsAndNotifications",
        "TargetPath":"C:\\temp\\services\\sns",
        "WcfServiceUri":{},
        "ServiceUri":{}
    }
}