{
    "EnvironmentName": "Release",
    "ServiceAutoStart":"true",
    "ServiceAccount": {"ServiceUser":"CHDEV\\qa.spotdeploy", "ServiceUserPassword":"Caxfuf39"},
    "MPTargetPath":"D:\\services\\Release",
    "MPWSTargetPath":"D:\\services\\Release",
    "MPTraceLogPath":"D:\\services\\Release\\Logs\\MassPaymentsAppService",
    "MPWSTraceLogPath":"D:\\services\\Release\\Logs\\MassPaymentsWebService",
    "SubscriptionsTraceLogPath" : "D:\\services\\Releases\\Logs\\Subscriptions",
    "Databases":{
        "MassPayments": { 
            "host"    : "navm-dt2cctdb2.chdev.local\\masspay",       
            "database": "MassPaymentsRelease", 
            "prefixed": "false" 
        },
        "Dispatcher": { 
            "host"    : "navm-dbgpl2.chdev.local",          
            "database": "Dispatcher" 
        },
        "BI": { 
            "host"    : "us-oma-db-bs201.chdev.local\\qa2", 
            "database": "staging_qa2"
        },
        "ServiceControl": { 
            "host"    : "navm-dt2cctdb2.chdev.local\\masspay",       
            "database": "NSB_ServiceControl"} 
    },

    "Servers":{
        "MassPayments"          : {
            "host":"navm-dt2app2.chdev.local",  
            "port":"8946"
        },
        "MassPaymentsWebService": {
            "host":"navm-dt2web01.chdev.local", 
            "port":"8947"
        },
        "CCTMassPayments"    : {
            "host":"navm-dt2app2.chdev.local",  
            "port":"8836"
        },
        "CCTEntityManagement": {
            "host":"navm-dt2app2.chdev.local",  
            "port":"8936"
        },
        "SpotWS": {
            "host":"navm-dt2app2.chdev.local",  
            "port":"13013"
        },
		"SubscriptionsAndNotification" : {
			"host":"navm-dt2app2.chdev.local",  
            "port":"8956"
		}
    },

    "AppSettings":{
        "MassPaymentsWebService":{
            "WebApiUri": "http://+:8955/MassPayments",
            "Logger.BaseDirectory" : "D:\\services\\Release\\Logs\\MassPaymentsWebService",
            "Authorization.AuthorizedGroups": "Everyone"
        },
        "MassPayments":{
		    "NServiceBus.EndpointName":"Release_MassPayments",
		    "UploadPath":"D:\\Release\\MassPaymentsUploads",
		    "ArchivePath":"D:\\Release\\MassPaymentsUploads\\Archive",
		    "FailedToLoadPath":"D:\\Release\\MassPaymentsUploads\\FailedToLoad",
		    "BankBatchPath":"D:\\Release\\MassPaymentsUploads\\BankBatch",
		    "IRIS.StatusPath":"http://10.25.20.35:8090/HardStopService/GetPaymentStatus?dataSourceId=13&paymentIds={0}",
		    "Email.SupportRecipients":"Oleg.Kouznetsov@Westernunion.com;Fariadul.Islam@Westernunion.com;Martin.Chow@Westernunion.com",
		    "Email.BookingSupportRecipients":"Oleg.Kouznetsov@Westernunion.com;Fariadul.Islam@Westernunion.com;Martin.Chow@Westernunion.com",
		    "Encryption.PgpKeyRootPath":"D:\\Release\\MassPaymentsKey",
		    "Invoice.MP2EskerXmlDropOut":"D:\\Release\\MassPaymentsInvoiceRel\\Xml",
		    "Invoice.MP2EskerPdfDropIn":"D:\\Release\\MassPaymentsInvoiceRel\\Pdf",
		    "Invoice.MP2PartnersRootDropPath":"D:\\Release\\MassPaymentsInvoiceRel\\Output",
		    "Invoice.MP2PartnersFailurePath":"D:\\Release\\MassPaymentsInvoiceRel\\Failure",
		    "Invoice.EskerFileCopyConnector":"MPPDFFileDrop-dev",

		    "PAIN.MP2GpgXmlDropOut":"D:\\Release\\MassPaymentsISORel\\Output",
		    "PAIN.MP2GpgXmlDropIn":"D:\\Release\\MassPaymentsISORel\\GPGIN",
		    "PAIN.MP2GpgXmlFailedFiles":"D:\\Release\\MassPaymentsISORel\\GPGINFailedFiles",
		    "PAIN.MP2GpgXmlArchivedFiles":"D:\\Release\\MassPaymentsISORel\\GPGINArchivedFiles",
                    "Authorization.AuthorizedGroups": "Everyone",
			"FBSPollingIntervalInSeconds": "1800",
			"EnableCCTOrderValidationMessages": "false"
	    },
        "Subscriptions":{
            "NServiceBus.EndpointName":"Release_SubscriptionsAndNotifications",
			"NServiceBus.LoggingRoot":"D:\\services\\Release\\Logs\\Subscriptions",
			"WebhookNotifications.ProxyAddressUri": ""
        }
    },

    "MessageEndpointMapping":{
        "Subscriptions": {
            "MassPayments.Messages":"Release_MassPayments",
			"Subscriptions.Messages" : "Release_SubscriptionsAndNotifications"
        },
		"MassPayments":{
			 "MassPayments.Messages":"Release_SubscriptionsAndNotifications",
			 "MassPayments":"Release_MassPayments"
		}
    }	
}