{
    "EnvironmentName": "",
    "ServiceAutoStart": "false",
    "ServiceAccount": {
        "ServiceUser": "chgfe\\uatspotsvc",
        "ServiceUserPassword": "uhbVFR432"
    },
    "MPTargetPath": "C:\\apps\\UAT\\MassPayments\\services",
    "MPWSTargetPath": "C:\\apps\\UAT\\MassPayments\\services",
    "MPTraceLogPath": "C:\\apps\\UAT\\MassPayments\\services\\Logs\\MassPaymentsAppService",
    "MPWSTraceLogPath": "C:\\apps\\UAT\\MassPayments\\services\\Logs\\MassPaymentsWebService",
    "SubscriptionsTraceLogPath": "C:\\apps\\UAT\\MassPayments\\services\\Logs\\Subscriptions",
    "Databases": {
        "MassPayments": {
            "host": "uatdb02.chgfe.biz\\sql2008",
            "database": "MassPayments",
            "prefixed": "false"
        },
        "Dispatcher": {
            "host": "uatdb02.chgfe.biz\\sql2008",
            "database": "GPLite_Dispatcher"
        },
        "BI": {
            "host": "us-oma-db-bs201\\qa2",
            "database": "IRIS_QA3"
        },
        "ServiceControl": {
            "host": "uatdb02.chgfe.biz\\sql2008",
            "database": "NSB_ServiceControl"
        },
        "FBS": {
            "host": "navm-dt2cctdb2.chdev.local",
            "database": "ARInterface"
        }
    },

    "Servers": {
        "MassPayments": {
            "host": "UATAPP02.chgfe.biz",
            "port": "8943"
        },
        "MassPaymentsWebService": {
            "host": "UATWEB02.chgfe.biz",
            "port": "8944"
        },
        "CCTMassPayments": {
            "host": "wcf-stage.cct.ri.com",
            "port": "8836"
        },
        "CCTEntityManagement": {
            "host": "wcfbo-stage.cct.ri.com",
            "port": "8936"
        },
        "SpotWS": {
            "host": "uatapp02.chgfe.biz",
            "port": "9461"
        },
        "SubscriptionsAndNotification": {
            "host": "uatapp02.chgfe.biz",
            "port": "8955"
        },
        "MassPaymentsQuery": {
            "host": "UATAPP02.chgfe.biz",
            "port": "8965"
        }
    },

    "AppSettings": {
        "MassPaymentsWebService": {
            "WebApiUri": "http://+:8945/Design_Time_Addresses/MassPayments",
            "Logger.BaseDirectory": "C:\\apps\\UAT\\MassPayments\\services\\Logs\\MassPaymentsWebService",
            "EnableAPIDeveloperMessage": false,
            "EnableTestUI": true,
            "Authorization.AuthorizedGroups": "Everyone"
        },
        "MassPayments": {
            "NServiceBus.EndpointName": "MassPayments",
            "NServiceBus.LoggingRoot": "C:\\apps\\UAT\\MassPayments\\services\\Logs\\MassPaymentsAppService",
            "UploadPath": "\\\\chgfe\\files\\Appsn1\\Transfers\\MassPayment\\Test\\In",
            "ArchivePath": "\\\\chgfe\\files\\Appsn1\\Transfers\\MassPayment\\Test\\archive",
            "FailedToLoadPath": "\\\\chgfe\\files\\Appsn1\\Transfers\\MassPayment\\Test\\Failed",
            "BankBatchPath": "\\\\chgfe\\files\\Appsn1\\Transfers\\MassPayment\\Test\\Bankbatch",
            "IRIS.StatusPath": "http://10.66.34.46:8090/HardStopService/GetPaymentStatus?dataSourceId=13&paymentIds={0}",
            "Email.SupportRecipients": "Oleg.Kouznetsov@Westernunion.com;Fariadul.Islam@Westernunion.com;Martin.Chow@Westernunion.com",
            "Email.BookingSupportRecipients": "Oleg.Kouznetsov@Westernunion.com;Fariadul.Islam@Westernunion.com;Martin.Chow@Westernunion.com",
            "Encryption.PgpKeyRootPath": "C:\\apps\\UAT\\MassPayments\\PGP",
            "Invoice.MP2EskerXmlDropOut": "\\\\chgfe\\files\\Appsn1\\Transfers\\MassPayment\\Test\\esker\\in",
            "Invoice.MP2EskerPdfDropIn": "\\\\chgfe\\files\\Appsn1\\Transfers\\MassPayment\\Test\\esker\\out",
            "Invoice.MP2PartnersRootDropPath": "\\\\chgfe\\files\\Appsn1\\Transfers\\MassPayment\\Test\\InvoicetoHyperwallet",
            "Invoice.MP2PartnersFailurePath": "\\\\chgfe\\files\\Appsn1\\Transfers\\MassPayment\\Test\\Invoicefailure",
            "Invoice.EskerFileCopyConnector": "MPPDFFileDrop-stage",

            "Encryption.EncryptInvoicePdfFile": true,
            "PAIN.MP2GpgXmlDropOut": "\\\\NAVM-DT2WEB01.chdev.local\\files\\Appsn1\\Transfers\\MassPayment\\CCTQA\\GPG\\FilesToGPG",
            "PAIN.MP2GpgXmlDropIn": "\\\\NAVM-DT2WEB01.chdev.local\\files\\Appsn1\\Transfers\\MassPayment\\CCTQA\\GPG\\FilesFromGPG",
            "PAIN.MP2GpgXmlFailedFiles": "C:\\apps\\UAT\\MassPayments\\files\\MassPaymentsISO\\GPGINFailedFiles",
            "PAIN.MP2GpgXmlArchivedFiles": "C:\\apps\\UAT\\MassPayments\\files\\MassPaymentsISO\\GPGINArchivedFiles",
            "Authorization.AuthorizedGroups": "Everyone",
			"FBSPollingIntervalInSeconds": "1800",
			"EnableCCTOrderValidationMessages": "false"
        },
        "Subscriptions": {
            "NServiceBus.EndpointName": "SubscriptionsAndNotifications",
            "NServiceBus.LoggingRoot": "C:\\apps\\UAT\\MassPayments\\services\\Logs\\Subscriptions",
			"WebhookNotifications.ProxyAddressUri": ""
        },
        "MassPaymentsQuery": {
            "NServiceBus.EndpointName": "MassPaymentsQuery"
        }
    },

    "MessageEndpointMapping": {
        "Subscriptions": {
            "MassPayments.Messages": "MassPayments",
            "Subscriptions.Messages": "SubscriptionsAndNotifications"
        },
        "MassPayments": {
            "MassPayments.Messages": "SubscriptionsAndNotifications",
            "PAIN.Messages": "MassPayments"
        },
        "MassPaymentsQuery": {
            "MassPayments.Messages": "MassPaymentsQuery"
        }
    }
}